Workbook

Sheet ROI Calculator
A1: DetQ — ROI Calculator | Analyst Time & Cost Impact Model
A3: A. Team & Workflow Inputs (blue cells = change these)
A4: Input | B4: Value | C4: Unit | D4: Notes / Guidance
A5: Number of analysts | B5: 6 | C5: analysts | D5: Headcount using the query system
A6: Working days per year | B6: 250 | C6: days | D6: Typical: 250 days
A7: Data queries per analyst per day | B7: 15 | C7: queries/day | D7: Average queries run manually today
A8: Avg time per query TODAY (minutes) | B8: 20 | C8: minutes | D8: Range is typically 5–45 min
A9: Avg time per query WITH DetQ (minutes) | B9: 1 | C9: minutes | D9: Typically <1 min; use 1 as conservative
A10: Analyst fully-loaded hourly cost ($) | B10: 85 | C10: $/hour | D10: Salary + benefits + overhead
A12: B. Engagement Cost Inputs
A13: Input | B13: Value | C13: Unit | D13: Notes / Guidance
A14: One-time engagement fee ($) | B14: 25000 | C14: $ | D14: Integration, config, UAT, documentation
A15: Annual support / licensing fee ($) | B15: 8000 | C15: $/year | D15: Optional post-hypercare support tier
A17: C. Calculated Impact
A18: Metric | B18: Value | C18: Unit | D18: Notes
A19: Total queries per year (firm-wide) | B19: =B5*B6*B7 -> 22500 | C19: queries
A20: Minutes saved per query | B20: =B8-B9 -> 19
A21: Total analyst hours saved per year | B21: =B19*(B8-B9)/60 -> 7125
A22: Dollar value of time recovered (Year 1) | B22: =B21*B10 -> 605625
A23: Gross annual benefit (ongoing) | B23: =B21*B10 -> 605625
A24: Net benefit Year 1 (after engagement fee) | B24: =B21*B10-B14-B15 -> 572625
A25: Net benefit Year 2+ (recurring) | B25: =B21*B10-B15 -> 597625
A26: ROI Year 1 | B26: =(B21*B10-B14-B15)/(B14+B15) -> 17.352273
A27: Payback period (months) | B27: =IF((B21*B10)>0,(B14+B15)/(B21*B10)*12,"N/A") -> 0.65386997
A29: D. Analyst Time Reallocation
A30: Metric | B30: Value | C30: Unit | D30: Notes
A31: Analyst days freed per year (firm-wide) | B31: =B21/8 -> 890.625
A32: Equivalent FTE headcount recovered | B32: =B21/(B6*8) -> 3.5625
A33: % of analyst capacity freed | B33: =B21/(B5*B6*8) -> 0.59375
A35: Source: DetQ Engagement Model v1.0 | Blue cells = inputs you can change | All other cells are formulas

Sheet 3-Year Projection
A1: DetQ — 3-Year Financial Impact Projection
A3: Inputs pulled from ROI Calculator sheet
A4: Metric | B4: Year 1 | C4: Year 2 | D4: Year 3 | E4: 3-Year Total
A5: Analyst hours saved | B5: ='ROI Calculator'!B21 -> 7125 | C5: ='ROI Calculator'!B21 -> 7125 | D5: ='ROI Calculator'!B21 -> 7125 | E5: =B5+C5+D5 -> 21375
A6: Gross value of time ($) | B6: ='ROI Calculator'!B22 -> 605625 | C6: ='ROI Calculator'!B23 -> 605625 | D6: ='ROI Calculator'!B23 -> 605625 | E6: =B6+C6+D6 -> 1816875
A7: Engagement fee ($) | B7: ='ROI Calculator'!B14 -> 25000 | C7: 0 | D7: 0 | E7: =B7+C7+D7 -> 25000
A8: Annual support fee ($) | B8: ='ROI Calculator'!B15 -> 8000 | C8: ='ROI Calculator'!B15 -> 8000 | D8: ='ROI Calculator'!B15 -> 8000 | E8: =B8+C8+D8 -> 24000
A9: Total cost ($) | B9: =B7+B8 -> 33000 | C9: =C7+C8 -> 8000 | D9: =D7+D8 -> 8000 | E9: =B9+C9+D9 -> 49000
A10: Net benefit ($) | B10: =B6-B9 -> 572625 | C10: =C6-C9 -> 597625 | D10: =D6-D9 -> 597625 | E10: =B10+C10+D10 -> 1767875
A11: Cumulative net benefit ($) | B11: =B10 -> 572625 | C11: =B11+C10 -> 1170250 | D11: =C11+D10 -> 1767875
A12: ROI | B12: =IF(B9>0,(B6-B9)/B9,"N/A") -> 17.352273 | C12: =IF(C9>0,(C6-C9)/C9,"N/A") -> 74.703125 | D12: =IF(D9>0,(D6-D9)/D9,"N/A") -> 74.703125
A15: All values driven by inputs on the ROI Calculator sheet. Change inputs there to update this projection.

Sheet Scenario Comparison
A1: DetQ — Scenario Comparison | Small / Mid / Large Team
A3: Firm Size Scenarios — hardcoded for illustration
A4: Input / Metric | B4: Small Firm | C4: Mid-Size Firm | D4: Large Firm | E4: Notes
A5: Number of analysts | B5: 4 | C5: 8 | D5: 15
A6: Queries per analyst per day | B6: 12 | C6: 18 | D6: 25
A7: Avg time per query today (min) | B7: 15 | C7: 20 | D7: 25 | E7: Range: 5–45 min
A8: Analyst hourly cost ($) | B8: 75 | C8: 90 | D8: 110 | E8: Fully loaded
A9: Engagement fee ($) | B9: 18000 | C9: 28000 | D9: 45000 | E9: Scales with complexity
A10: Annual support fee ($) | B10: 5000 | C10: 8000 | D10: 14000
A12: Calculated Outcomes
A13: Metric | B13: Small Firm | C13: Mid-Size Firm | D13: Large Firm
A14: Annual queries (firm-wide) | B14: =B5*250*B6 -> 12000 | C14: =C5*250*C6 -> 36000 | D14: =D5*250*D6 -> 93750
A15: Hours saved per year | B15: =B5*250*B6*(B7-1)/60 -> 2800 | C15: =C5*250*C6*(C7-1)/60 -> 11400 | D15: =D5*250*D6*(D7-1)/60 -> 37500
A16: Gross value recovered ($) | B16: =B5*250*B6*(B7-1)/60*B8 -> 210000 | C16: =C5*250*C6*(C7-1)/60*C8 -> 1026000 | D16: =D5*250*D6*(D7-1)/60*D8 -> 4125000 | E16: Year 1
A17: Net benefit Year 1 ($) | B17: =B5*250*B6*(B7-1)/60*B8-B9-B10 -> 187000 | C17: =C5*250*C6*(C7-1)/60*C8-C9-C10 -> 990000 | D17: =D5*250*D6*(D7-1)/60*D8-D9-D10 -> 4066000 | E17: After all fees
A18: ROI Year 1 | B18: =IF((B9+B10)>0,(B5*250*B6*(B7-1)/60*B8-(B9+B10))/(B9+B10),"N/A") -> 8.1304348 | C18: =IF((C9+C10)>0,(C5*250*C6*(C7-1)/60*C8-(C9+C10))/(C9+C10),"N/A") -> 27.5 | D18: =IF((D9+D10)>0,(D5*250*D6*(D7-1)/60*D8-(D9+D10))/(D9+D10),"N/A") -> 68.915254
A19: Payback period (months) | B19: =IF((B5*250*B6*(B7-1)/60*B8)>0,(B9+B10)/(B5*250*B6*(B7-1)/60*B8)*12,"N/A") -> 1.3142857 | C19: =IF((C5*250*C6*(C7-1)/60*C8)>0,(C9+C10)/(C5*250*C6*(C7-1)/60*C8)*12,"N/A") -> 0.42105263 | D19: =IF((D5*250*D6*(D7-1)/60*D8)>0,(D9+D10)/(D5*250*D6*(D7-1)/60*D8)*12,"N/A") -> 0.17163636
A20: FTE equivalent recovered | B20: =B5*250*B6*(B7-1)/60/(250*8) -> 1.4 | C20: =C5*250*C6*(C7-1)/60/(250*8) -> 5.7 | D20: =D5*250*D6*(D7-1)/60/(250*8) -> 18.75
A23: Scenario values are illustrative. Use the ROI Calculator tab for firm-specific analysis with your actual inputs.
